{
  "LTX-Video": {
    "n_total": 40,
    "n_gated_in": 5,
    "fit_quality_dropped_rate": 0.8,
    "theta_vs_theta_hat_in": [
      [
        5.0,
        0.6643159434629409
      ],
      [
        7.0,
        0.2036894369613627
      ],
      [
        9.8,
        0.23457858691700262
      ],
      [
        12.0,
        0.3838297815803591
      ],
      [
        15.0,
        0.3681652580970396
      ]
    ],
    "slope_beta_in": [
      -0.014756166022625389,
      -0.08952861594707057,
      0.0386617262344671
    ],
    "PRE_in": [
      0.8531762448625425,
      0.787843272804928,
      0.9003539242284047
    ],
    "spearman_rho_full_grid": -0.26837251999537043
  },
  "CogVideoX-5B-I2V": {
    "n_total": 40,
    "n_gated_in": 20,
    "fit_quality_dropped_rate": 0.19999999999999996,
    "theta_vs_theta_hat_in": [
      [
        5.0,
        -11.410661646237648
      ],
      [
        5.0,
        -11.372340765198327
      ],
      [
        5.0,
        -13.33051673612681
      ],
      [
        5.0,
        -11.833160867024848
      ],
      [
        5.0,
        -7.305136856161103
      ],
      [
        7.0,
        -11.387507686701571
      ],
      [
        7.0,
        -11.411558871106838
      ],
      [
        7.0,
        -6.99908291666239
      ],
      [
        9.8,
        -11.404709551006317
      ],
      [
        9.8,
        -11.337391822167913
      ],
      [
        9.8,
        -11.97702578555462
      ],
      [
        9.8,
        -6.797687105216463
      ],
      [
        12.0,
        -11.460978694394985
      ],
      [
        12.0,
        -11.793645945722979
      ],
      [
        12.0,
        -10.709259090504496
      ],
      [
        12.0,
        -7.057407417996364
      ],
      [
        15.0,
        -11.406260724750458
      ],
      [
        15.0,
        -11.436929898950757
      ],
      [
        15.0,
        -10.452130945191811
      ],
      [
        15.0,
        -7.219226890107905
      ]
    ],
    "slope_beta_in": [
      0.06991468870932338,
      -0.16825043914093463,
      0.30480475126830536
    ],
    "PRE_in": [
      2.0164400750059075,
      1.8221143128110588,
      2.2343474955152742
    ],
    "spearman_rho_full_grid": 0.045993256911337974
  }
}