{
  "per_system": {
    "projectile": {
      "n_rows": 45,
      "n_gated_in": 25,
      "n_gated_out": 20,
      "fit_quality_dropped_rate": 0.0,
      "PRE_in": [
        0.0005638398354741409,
        0.0003810342472330295,
        0.0007743067843222756
      ],
      "slope_in": [
        1.0001782386111435,
        0.9993611706574084,
        1.000856424759255
      ],
      "PRE_out": [
        0.0009880655651300354,
        0.00047224391056138634,
        0.0015715725869516843
      ],
      "mean_fit_r2": 0.9999440635734661
    },
    "pendulum_omega": {
      "n_rows": 30,
      "n_gated_in": 20,
      "n_gated_out": 10,
      "fit_quality_dropped_rate": 0.0,
      "PRE_in": [
        0.0013692892554704693,
        0.001075782598247069,
        0.0017118662472109184
      ],
      "slope_in": [
        1.0000097099143228,
        0.9990422055545217,
        1.0011350856878471
      ],
      "PRE_out": [
        0.0029744928167741045,
        0.0023806276303385693,
        0.0035994010714592863
      ],
      "mean_fit_r2": 0.9996338404215733
    },
    "pendulum_zeta": {
      "n_rows": 18,
      "n_gated_in": 15,
      "n_gated_out": 0,
      "fit_quality_dropped_rate": 0.16666666666666663,
      "PRE_in": [
        0.0007261443783993071,
        0.0005267535608350095,
        0.000925173162931736
      ],
      "slope_in": [
        1.0038598105001868,
        0.9975722819506656,
        1.009868124546364
      ],
      "mean_fit_r2": 0.9157879549718808
    },
    "bouncing_ball": {
      "n_rows": 35,
      "n_gated_in": 20,
      "n_gated_out": 15,
      "fit_quality_dropped_rate": 0.0,
      "PRE_in": [
        0.014672419402445536,
        0.009913331948606035,
        0.019903932748281526
      ],
      "slope_in": [
        1.1511349649138813,
        1.1200609498421565,
        1.1828473677986562
      ],
      "PRE_out": [
        0.027940454957490566,
        0.016231395407185774,
        0.041139539476180556
      ],
      "mean_fit_r2": 0.9641696310999401
    },
    "spring_mass": {
      "n_rows": 40,
      "n_gated_in": 20,
      "n_gated_out": 20,
      "fit_quality_dropped_rate": 0.0,
      "PRE_in": [
        7.463151955634257e-05,
        4.712609281868747e-05,
        0.00010605644942389971
      ],
      "slope_in": [
        0.9999830116198724,
        0.9999063485194135,
        1.0000643307662072
      ],
      "PRE_out": [
        0.0001870798828120594,
        0.00010287905905358956,
        0.00032037843612367695
      ],
      "mean_fit_r2": 0.9999931985890598
    },
    "inclined_slide": {
      "n_rows": 35,
      "n_gated_in": 20,
      "n_gated_out": 15,
      "fit_quality_dropped_rate": 0.0,
      "PRE_in": [
        0.001021614659789304,
        0.0006228769755159365,
        0.0015143334300834997
      ],
      "slope_in": [
        0.996797044507374,
        0.9897756558625381,
        1.0025230963876652
      ],
      "PRE_out": [
        0.0007213381578618901,
        0.0005242371320118041,
        0.0009294590408541128
      ],
      "mean_fit_r2": 0.9999972062738012
    }
  },
  "overall": {
    "n_rows": 203,
    "n_gated_in": 120,
    "n_gated_out": 80,
    "fit_quality_dropped_rate": 0.014778325123152691,
    "PRE_in": [
      0.003064560485900635,
      0.0019207209459587283,
      0.004526492363149551
    ],
    "slope_in": [
      1.0001400749787637,
      1.0000769847456334,
      1.0002316243543916
    ],
    "PRE_out": [
      0.006039684173210872,
      0.003068919826026244,
      0.009539529185093439
    ],
    "mean_fit_r2": 0.986286938495519
  },
  "n_seeds": 5,
  "fit_r2_gate": 0.8
}