{
  "CogVideoX-5B-I2V": {
    "n_gated_out": 12,
    "n_gated_in": 20,
    "theta_out": [
      1.6,
      1.6,
      1.6,
      1.6,
      3.0,
      3.0,
      3.0,
      3.0,
      20.0,
      20.0,
      20.0,
      20.0
    ],
    "hat_out": [
      -11.031283736382363,
      -11.520857091471743,
      -11.845871390684973,
      -5.979655911291497,
      -11.414862567954652,
      -11.402896080958332,
      -11.097286022203006,
      -7.532075360626053,
      -9.806634829399655,
      -11.523556516846385,
      -12.008517169600825,
      -5.6314467270315
    ],
    "theta_edge": 15.0,
    "select_mechanism_theta0_free": {
      "PRI": 0.9735872546273638,
      "CBI": 0.0,
      "alpha": 0.02641274537263621,
      "theta0": -10.561795819415865,
      "theta_edge": 15.0,
      "AIC_H1": 23.121813841592626,
      "AIC_H2": 70.99533783595332,
      "dAIC": -47.873523994360696,
      "LOO_R2_H1": -0.4980822636216262,
      "selected": "neither"
    },
    "select_mechanism_theta0_earth_g": {
      "PRI": 0.5333772552456526,
      "CBI": 0.0,
      "alpha": 0.4666227447543474,
      "theta0": 9.81,
      "theta_edge": 15.0,
      "AIC_H1": 75.41522176614546,
      "AIC_H2": 70.99533783595332,
      "dAIC": 4.419883930192142,
      "LOO_R2_H1": -0.4980822636216262,
      "selected": "neither"
    },
    "paired_bootstrap_PRE_out_minus_in": [
      1.0684296178988615,
      0.26664589102362507,
      1.8911097626506908,
      0.0055
    ]
  },
  "LTX-Video": {
    "n_gated_out": 3,
    "n_gated_in": 5,
    "status": "insufficient_data"
  }
}